first_name,last_name,email,gender,address
Jourdan,Wolfenden,jwolfenden0@wordpress.com,Female,33347 Cambridge Alley
Adeline,McCord,amccord1@army.mil,Female,7 Northfield Hill
Darby,Corps,dcorps2@phoca.cz,Female,16338 Westport Avenue
Barny,Rue,brue3@mashable.com,Male,17 Redwing Trail
Bing,Shearstone,bshearstone4@google.cn,Male,75 Coleman Trail
Goldina,Sidaway,gsidaway5@mayoclinic.com,Female,175 Kim Point
Helyn,Sparshett,hsparshett6@squidoo.com,Female,7497 Emmet Center
Davide,Matushenko,dmatushenko7@dyndns.org,Male,34836 Waywood Way
Waneta,Olivey,wolivey8@senate.gov,Female,77 Nancy Pass
Melvin,Pinar,mpinar9@boston.com,Male,2486 Hauk Avenue
Ashbey,Westhoff,awesthoffa@sohu.com,Male,256 Caliangt Trail
Lesley,Arkle,larkleb@stumbleupon.com,Male,890 Jana Pass
Clara,Jakeman,cjakemanc@pcworld.com,Female,85 Fremont Park
Antoni,Pettegre,apettegred@baidu.com,Male,41414 Chinook Crossing
Michaelina,Buckoke,mbuckokee@utexas.edu,Female,078 Hoard Hill
Mariam,Vanyarkin,mvanyarkinf@ovh.net,Female,40 Calypso Place
Von,Pagan,vpagang@thetimes.co.uk,Male,79802 Waywood Street
Shandie,Coetzee,scoetzeeh@aboutads.info,Female,7248 Jenna Parkway
Augusto,Caldwall,acaldwalli@weather.com,Male,97771 Dawn Alley
Teodoro,Obert,tobertj@craigslist.org,Male,41996 Coolidge Parkway
Felizio,Condie,fcondiek@theguardian.com,Male,15 Swallow Avenue
Tracey,Massel,tmassell@sourceforge.net,Male,2 Eggendart Center
Nicky,Drever,ndreverm@mozilla.com,Male,531 Melvin Junction
Arda,Somers,asomersn@free.fr,Female,0 Debra Road
Linn,Tunney,ltunneyo@unc.edu,Female,3 Hollow Ridge Plaza
Amerigo,Rutherford,arutherfordp@clickbank.net,Male,9583 Brown Street
Willi,Davidman,wdavidmanq@1und1.de,Female,54 Rowland Trail
Omar,Gailor,ogailorr@oaic.gov.au,Male,586 Mariners Cove Junction
Gabie,Menco,gmencos@51.la,Male,93134 Lakewood Place
Basilius,Kingsley,bkingsleyt@tamu.edu,Male,644 Forest Run Way
Drew,Torrijos,dtorrijosu@eepurl.com,Male,827 Florence Street
Sile,Amberson,sambersonv@bbc.co.uk,Female,6577 Lerdahl Hill
Barry,Cuardall,bcuardallw@europa.eu,Female,8924 Independence Drive
Brnaby,Aveyard,baveyardx@mtv.com,Male,6 Kipling Center
Colene,Cracie,ccraciey@pbs.org,Female,90169 Dexter Drive
Raven,McGillivrie,rmcgillivriez@biglobe.ne.jp,Female,98 Crownhardt Circle
Anica,Gallaway,agallaway10@hugedomains.com,Female,36 Crowley Point
Sumner,Hasnney,shasnney11@google.ca,Male,20 Bartillon Junction
Sergent,Staves,sstaves12@twitter.com,Male,74966 Havey Avenue
Silvano,Powys,spowys13@npr.org,Male,9 Bunting Street
Husein,Karpf,hkarpf14@de.vu,Male,28925 Carey Avenue
Hillel,McKendry,hmckendry15@flavors.me,Male,692 Derek Pass
Maggee,Storms,mstorms16@weather.com,Female,52 Esker Pass
Keary,Bainbrigge,kbainbrigge17@behance.net,Male,48323 Autumn Leaf Hill
Graeme,Booi,gbooi18@dmoz.org,Male,71819 Killdeer Place
Ase,Cherrett,acherrett19@examiner.com,Male,5 Algoma Drive
Rolf,Schlagman,rschlagman1a@oakley.com,Male,83553 Saint Paul Street
Joyann,Bier,jbier1b@usatoday.com,Female,771 Redwing Trail
Henrik,Horrell,hhorrell1c@over-blog.com,Male,440 Veith Street
Darin,Starkings,dstarkings1d@pbs.org,Male,3370 Dryden Park
Linn,Reicharz,lreicharz1e@google.cn,Female,71 Manufacturers Trail
Benjy,Rihosek,brihosek1f@wikia.com,Male,6041 Rowland Center
Victor,Fellowes,vfellowes1g@miibeian.gov.cn,Male,02 Nancy Pass
Cointon,Grund,cgrund1h@blog.com,Male,252 Manufacturers Lane
Lorilyn,Zelley,lzelley1i@facebook.com,Female,2890 Alpine Hill
Scarface,Muncer,smuncer1j@cbsnews.com,Male,922 Melrose Street
Phyllida,McLenahan,pmclenahan1k@networkadvertising.org,Female,80834 Heath Circle
Enrichetta,Augustin,eaugustin1l@dyndns.org,Female,2048 Memorial Plaza
Jacquie,Bartolomeotti,jbartolomeotti1m@samsung.com,Female,37 Toban Alley
Adam,Pentland,apentland1n@csmonitor.com,Male,1004 Sage Parkway
Bryna,Outerbridge,bouterbridge1o@youtube.com,Female,9 American Court
Penelope,Haugeh,phaugeh1p@patch.com,Female,7 Eliot Center
Julia,Dinning,jdinning1q@surveymonkey.com,Female,8 South Street
Bernardina,Bougen,bbougen1r@wikimedia.org,Female,35428 American Ash Hill
Harriott,Gossington,hgossington1s@unicef.org,Female,94 Center Trail
Jodee,Worgan,jworgan1t@amazon.co.uk,Female,6 Tomscot Street
Thorin,Couldwell,tcouldwell1u@aol.com,Male,6801 Hagan Avenue
Hirsch,Leedal,hleedal1v@msn.com,Male,13130 Buell Terrace
Oberon,Papa,opapa1w@cpanel.net,Male,49 Loomis Court
Flory,MacTavish,fmactavish1x@dailymotion.com,Male,493 Nobel Circle
Ashbey,Volant,avolant1y@mapquest.com,Male,9 Longview Lane
Milty,Gingell,mgingell1z@edublogs.org,Male,7 Little Fleur Avenue
Hazel,Debow,hdebow20@xinhuanet.com,Male,40607 Kinsman Avenue
Amalee,Janes,ajanes21@wired.com,Female,214 Warbler Lane
Matt,Rands,mrands22@house.gov,Male,66319 Forster Alley
Zachary,Calvey,zcalvey23@hubpages.com,Male,20 Columbus Drive
Frank,Gino,fgino24@accuweather.com,Female,54 Mifflin Alley
Ferdinand,Haycox,fhaycox25@baidu.com,Male,56 Twin Pines Trail
Kristel,Noury,knoury26@netlog.com,Female,65 Hooker Avenue
Oswald,Friedlos,ofriedlos27@fotki.com,Male,67 Northridge Crossing
Zolly,Nickols,znickols28@youtube.com,Male,1100 West Parkway
Duane,Rosson,drosson29@php.net,Male,429 Truax Pass
Cass,Sizey,csizey2a@nps.gov,Male,06 Trailsway Circle
Ronald,Phillis,rphillis2b@addthis.com,Male,4 Cody Avenue
Clari,Perry,cperry2c@csmonitor.com,Female,3 Ronald Regan Lane
Jacynth,Gibbs,jgibbs2d@plala.or.jp,Female,504 Meadow Valley Pass
Temple,Sollam,tsollam2e@wikipedia.org,Male,15 Drewry Parkway
Taddeo,Moorwood,tmoorwood2f@dmoz.org,Male,7722 Doe Crossing Plaza
Deborah,Aleksich,daleksich2g@sina.com.cn,Female,8 Sunnyside Circle
Westbrook,Kemish,wkemish2h@4shared.com,Male,3779 Talmadge Place
Fabian,Sirr,fsirr2i@sitemeter.com,Male,5581 Holy Cross Parkway
Konstantin,Grannell,kgrannell2j@php.net,Male,607 Elmside Trail
Hadlee,Pavitt,hpavitt2k@hatena.ne.jp,Male,1 Novick Crossing
Lise,Hallum,lhallum2l@wikipedia.org,Female,71762 Superior Parkway
Corabella,Crystal,ccrystal2m@indiegogo.com,Female,16 Eggendart Circle
Karna,Gaines,kgaines2n@nhs.uk,Female,74 Emmet Avenue
Heindrick,Hedan,hhedan2o@edublogs.org,Male,8 Superior Lane
Phillipe,Nears,pnears2p@ning.com,Male,56 Kensington Alley
Yalonda,Petkov,ypetkov2q@trellian.com,Female,57 Huxley Road
Jeramey,Shorton,jshorton2r@mozilla.com,Male,8 Westend Avenue
